{
    "$schema": "https://schema.management.azure.com/schemas/2015-01-01/deploymentParameters.json#",
    "contentVersion": "1.0.0.0",
    "parameters": {
        "virtualMachines_swarm_master_CA253086_0_adminPassword": {
            "value": null
        },
        "virtualMachineScaleSets_swarm_agent_CA253086_vmss_adminPassword": {
            "value": null
        },
        "availabilitySets_swarm_master_availabilitySet_CA253086_name": {
            "value": null
        },
        "virtualMachines_swarm_master_CA253086_0_name": {
            "value": null
        },
        "virtualMachineScaleSets_swarm_agent_CA253086_vmss_name": {
            "value": null
        },
        "containerServices_containerservice_UptakeResourceGroup_name": {
            "value": null
        },
        "loadBalancers_swarm_agent_lb_CA253086_name": {
            "value": null
        },
        "loadBalancers_swarm_master_lb_CA253086_name": {
            "value": null
        },
        "networkInterfaces_swarm_master_CA253086_nic_0_name": {
            "value": null
        },
        "publicIPAddresses_swarm_agent_ip_uptakedockerdnskbagents_CA253086_name": {
            "value": null
        },
        "publicIPAddresses_swarm_master_ip_uptakedockerdnskbmgmt_CA253086_name": {
            "value": null
        },
        "virtualNetworks_swarm_vnet_CA253086_name": {
            "value": null
        },
        "storageAccounts_00vaahnvf2qkqd2swarm1_name": {
            "value": null
        },
        "storageAccounts_60vaahnvf2qkqd2swarm2_name": {
            "value": null
        },
        "storageAccounts_c0vaahnvf2qkqd2swarm3_name": {
            "value": null
        },
        "storageAccounts_i0vaahnvf2qkqd2swarm4_name": {
            "value": null
        },
        "storageAccounts_o0vaahnvf2qkqd2swarm5_name": {
            "value": null
        },
        "storageAccounts_vaahnvf2qkqd2swarm0_name": {
            "value": null
        },
        "storageAccounts_vaahnvf2qkqd2swarmdiag0_name": {
            "value": null
        },
        "loadBalancers_swarm_agent_lb_CA253086_id": {
            "value": null
        },
        "loadBalancers_swarm_agent_lb_CA253086_id_1": {
            "value": null
        },
        "loadBalancers_swarm_agent_lb_CA253086_id_2": {
            "value": null
        },
        "loadBalancers_swarm_agent_lb_CA253086_id_3": {
            "value": null
        },
        "loadBalancers_swarm_agent_lb_CA253086_id_4": {
            "value": null
        },
        "loadBalancers_swarm_agent_lb_CA253086_id_5": {
            "value": null
        },
        "loadBalancers_swarm_agent_lb_CA253086_id_6": {
            "value": null
        },
        "loadBalancers_swarm_agent_lb_CA253086_id_7": {
            "value": null
        },
        "loadBalancers_swarm_agent_lb_CA253086_id_8": {
            "value": null
        },
        "loadBalancers_swarm_master_lb_CA253086_id": {
            "value": null
        }
    }
}